-21.341,-37.324,-24.44
-21.822,-40.747,-28.025
-21.945,-38.505,-25.354
-22.437,-40.841,-20.958
-21.88,-37.947,-25.798
-21.08,-41.871,-22.786
-20.71,-37.24,-25.076
-20.812,-42.134,-26.249
-23.654,-42.116,-21.761
-22.175,-38.742,-25.138
-22.175,-42.158,-21.631
-21.387,-38.041,-24.453
-21.379,-41.481,-26.913
-22.857,-38.952,-22.754
-21.405,-40.763,-25.836
-16.876,-40.8,-23.641
-21.112,-38.754,-26.513
-23.347,-39.862,-22.127
-22.405,-41.623,-22.011
-20.643,-37.649,-24.565
-21.1,-38.739,-26.556
-23.187,-39.701,-22.039
-21.912,-37.996,-25.682
-21.431,-41.816,-22.462
-21.4,-41.566,-26.994
-22.303,-38.804,-22.865
-20.915,-38.386,-26.113
-21.674,-41.818,-22.52
-21.325,-37.745,-25.685
-21.568,-41.464,-22.344
-20.011,-36.722,-24.256
-21.963,-41.393,-23.783
-20.607,-37.744,-25.517
-22.651,-39.683,-21.313
-16.27,-42.162,-24.792
-21.039,-40.66,-24.895
-15.344,-40.145,-21.227
-19.273,-38.432,-23.913
-20.536,-36.87,-23.924
-17.401,-40.823,-23.799
-20.557,-40.482,-23.05
-21.901,-40.647,-27.925
-20.975,-41.258,-21.234
-21.573,-37.473,-24.497
-20.715,-40.202,-25.544
-23.715,-39.044,-21.752
-19.686,-40.671,-24.944
-23.345,-38.525,-22.213
-21.998,-37.985,-25.115
-20.829,-42.599,-26.347
-21.241,-39.47,-23.214
-16.228,-39.285,-22.966
-21.185,-41.444,-22.916
-16.218,-41.173,-23.58
-22.236,-38.583,-24.568
-24.173,-39.598,-20.151
-21.006,-41.335,-26.662
-22.32,-38.866,-22.461
-19.561,-37.8,-24.271
-16.303,-41.459,-22.948
-21.886,-41.055,-23.367
-16.878,-40.8,-23.344
-20.14,-37.333,-24.174
-16.824,-41.071,-23.503
-21.065,-42.037,-23.602
-16.879,-39.56,-22.275
-22.033,-41.737,-22.823
-17.263,-40.646,-24.021
-16.16,-40.985,-22.654
-20.874,-39.368,-23.509
-17.46,-40.825,-23.562
-22.34,-39.745,-23.443
-17.68,-40.835,-23.501
-22.48,-39.518,-24.325
-20.153,-37.203,-24.091
-17.172,-41.206,-23.83
-21.969,-40.941,-21.018
-17.612,-41.674,-23.407
-21.813,-40.516,-21.422
-17.494,-41.2,-23.817
-21.713,-37.275,-24.586
-22.544,-40.645,-20.963
-20.923,-37.272,-24.975
-22.151,-40.949,-21.738
-21.226,-37.454,-24.669
-22.646,-40.978,-21.354
-17.951,-41.234,-23.519
-21.418,-40.66,-27.22
-23.664,-40.572,-22.298
-20.888,-40.607,-26.458
-20.897,-41.176,-20.895
-21.366,-37.565,-24.381
-21.12,-41.344,-22.141
-16.332,-41.071,-23.586
-16.718,-40.975,-23.185
-21.673,-41.42,-22.749
-16.915,-40.749,-23.198
-21.698,-40.399,-21.731
-17.665,-41.117,-23.673
-22.548,-40.184,-23.202
-22.151,-38.122,-24.538
-22.65,-42.248,-21.658
-16.979,-40.476,-22.64
-21.832,-41.371,-23.238
-16.478,-40.836,-23.673
-21.441,-41.519,-23.128
-21.549,-40.909,-25.744
-17.337,-40.656,-22.978
-17.643,-40.672,-23.277
-22.529,-39.417,-22.748
-21.36,-40.776,-21.362
-16.875,-40.219,-23.487
-16.611,-40.989,-23.247
-21.565,-41.423,-22.748
-21.449,-40.927,-25.633
-16.708,-40.685,-23.943
-20.52,-37.833,-24.837
-17.229,-41.361,-23.237
-16.903,-40.738,-23.262
-21.915,-40.39,-22.942
-16.978,-39.259,-23.36
-21.947,-39.331,-24.224
-17.131,-39.634,-22.821
-21.611,-38.663,-24.975
-22.301,-39.029,-22.316
-21.995,-41.731,-26.552
-23.113,-39.872,-21.664
-20.702,-37.895,-25.604
-22.507,-39.268,-22.808
-21.45,-40.737,-27.417
-21.607,-40.907,-22.879
-16.588,-40.959,-23.334
-17.062,-39.566,-22.55
-21.993,-39.45,-23.431
-21.452,-41.405,-21.084
-21.182,-37.704,-24.517
-22.942,-41.725,-22.733
-20.84,-37.603,-24.666
-21.544,-42.079,-22.643
-20.789,-37.643,-24.861
-21.876,-40.886,-23.265
-16.862,-40.765,-23.358
-21.631,-41.173,-23.054
-16.948,-39.468,-22.226
-17.047,-40.647,-23.226
-21.847,-40.284,-21.83
-20.525,-37.407,-25.082
-22.377,-40.095,-21.322
-16.959,-39.556,-22.221
-21.702,-41.115,-23.047
-21.393,-41.382,-22.277
-16.715,-40.206,-23.47
-17.093,-39.616,-22.592
-22.032,-40.144,-23.315
-21.808,-40.734,-22.952
-16.835,-40.493,-23.745
-17.733,-41.084,-23.455
-22.343,-39.632,-22.428
-22.246,-40.858,-23.403
-17.266,-41.132,-23.657
-22.577,-38.856,-23.09
-21.047,-41.83,-26.801
-17.59,-40.876,-23.668
-22.463,-39.878,-24.002
-17.927,-41.476,-23.469
-21.354,-40.638,-27.129
-17.539,-40.895,-23.818
-22.42,-40.154,-22.933
-17.5,-41.107,-23.75
-22.439,-40.762,-23.23
-17.996,-40.648,-23.269
-22.651,-38.774,-22.515
-20.843,-40.076,-24.4
-16.361,-42.045,-23.083
-17.747,-40.823,-23.6
-22.575,-39.55,-24.157
-17.677,-40.751,-23.392
-22.447,-39.409,-22.507
-17.439,-41.056,-23.384
-21.944,-39.85,-24.98
-21.652,-37.175,-24.592
-21.171,-40.994,-21.381
-17.571,-40.933,-23.785
-22.491,-40.151,-23.543
-17.662,-40.748,-23.419
-22.47,-39.444,-22.735
-17.557,-40.908,-23.787
-22.473,-40.081,-23.974
-17.496,-40.802,-24.023
-22.373,-40.05,-23.194
-21.391,-40.348,-21.822
-16.722,-40.324,-23.535
-16.687,-40.459,-23.499
-21.47,-40.948,-22.27
-16.817,-40.414,-23.383
-21.515,-40.173,-21.683
-17.885,-40.311,-22.797
-22.796,-39.459,-22.582
-16.889,-40.393,-23.496
-21.863,-39.913,-22.545
